lon,lat,gid,osm_id,code,fclass,name
-121.3835469,38.6845378,10709,358835730,2005,post_office,North Highlands Post Office
-121.3877305,38.6907361,15385,368167893,2002,fire_station,Sacramento Metro Fire Station Number 112
-121.3824524,38.635182,15394,368167903,2002,fire_station,Sacramento Metro Fire Station Number 103
-121.3966196,38.6732365,15466,368168044,2002,fire_station,Sacramento Metro Fire Station Number 114
-121.3757857,38.6926806,15482,368168084,2002,fire_station,Sacramento Metro Fire Station Number 41
-121.3824526,38.7046246,16229,368170439,2007,library,North Highlands - Antelope Library
-121.3841194,38.7035136,16595,368171314,2001,police,Sacramento County Sheriff - Northwest Service Center
-121.6088428,38.1618614,10908,358836934,2005,post_office,Isleton Post Office
-121.5693993,38.3315787,13084,358852270,2005,post_office,Courtland Post Office
-121.5143974,38.2413038,13187,358852487,2005,post_office,Walnut Grove Post Office
-121.612454,38.1618614,15415,368167935,2002,fire_station,Isleton Fire Station
-121.6127318,38.1613059,15418,368167939,2002,fire_station,Isleton City Fire Station
-121.5702327,38.328801,15432,368167965,2002,fire_station,Courtland Fire Station Number 91
-121.5135641,38.2460259,15455,368168032,2002,fire_station,Walnut Grove Fire Station
-121.5121752,38.2415816,15456,368168033,2002,fire_station,Walnut Grove Fire Station
-121.5691216,38.3313009,16247,368170466,2007,library,Courtland Branch Library
-121.6091206,38.1615837,16258,368170486,2007,library,Iselton Neighborhood Library
-121.5666215,38.3304677,16339,368170824,2007,library,Courtland Community Operated Neighborhood Library
-121.5674529,38.1015858,16536,368171183,2001,police,Sacramento County Sheriff - Brannan Island Service Center
-121.6127318,38.1615837,16539,368171187,2001,police,Isleton Police Station
-121.512453,38.2415816,16598,368171317,2001,police,Sacramento County Sheriff - Walnut Grove Service Center
-121.6127318,38.1618614,16956,368172505,2008,town_hall,Isleton City Hall
-121.3291177,38.6271267,13075,358852257,2005,post_office,Carmichael Post Office
-121.3432845,38.5446288,13146,358852411,2005,post_office,Perkins Post Office
-121.280783,38.5993498,13151,358852419,2005,post_office,Rancho Cordova Post Office
-121.3746743,38.5821278,15388,368167897,2002,fire_station,Sacramento Metro Fire Station Number 107
-121.3332844,38.620738,15390,368167899,2002,fire_station,Sacramento Metro Fire Station Number 109
-121.3593962,38.6179603,15391,368167900,2002,fire_station,Sacramento Metro Fire Station Number 102
-121.3588405,38.5635172,15462,368168040,2002,fire_station,Sacramento Metro Fire Station Number 64
-121.2955055,38.5932388,15463,368168041,2002,fire_station,Sacramento Metro Fire Station Number 61
-121.3366177,38.555462,15464,368168042,2002,fire_station,Sacramento Metro Fire Station Number 62
-121.3066169,38.5590731,15465,368168043,2002,fire_station,Sacramento Metro Fire Station Number 67
-121.2657826,38.6190716,15467,368168045,2002,fire_station,Sacramento Metro Fire Station Number 65
-121.2710605,38.5874058,15468,368168046,2002,fire_station,Sacramento Metro Fire Station Number 66
-121.3718963,38.5457398,15476,368168056,2002,fire_station,Sacramento Metro Fire Station Number 54
-121.3292579,38.5765158,16214,368170400,2007,library,Rancho Cordova Community Library
-121.3343955,38.6176826,16218,368170412,2007,library,Carmichael Regional Library
-121.3343954,38.5612951,16444,368171027,2099,public_building,Sacramento County Office of Education
-121.3058595,38.5700895,16486,368171121,2099,public_building,California State Office of Emergency Services
-121.3432847,38.6251824,16487,368171122,2099,public_building,Department of Motor Vehicles - Carmichael Office
-121.3060614,38.5746282,16537,368171185,2001,police,Rancho Cordova Police Station
-121.3582849,38.5482398,16596,368171315,2001,police,Sacramento County Sheriff - Rosemont Service Center
-121.3641764,38.5915625,82464,4586526959,2002,fire_station,Sacramento Metro Fire District Station 110
-121.325398,38.552383,94644,5317344850,2005,post_office,UPS Customer Center - UPS Cordova Building
-121.2696708,38.4090774,10923,358836969,2005,post_office,Wilton Post Office
-121.3735629,38.4943522,13096,358852300,2005,post_office,Florin Post Office
-121.3316174,38.5104632,15426,368167950,2002,fire_station,Florin Fire Station
-121.3388393,38.4243544,15429,368167962,2002,fire_station,Elk Grove Fire Station Number 73
-121.2235584,38.3701898,15453,368168030,2002,fire_station,Wilton Fire Station Number 84
-121.2577261,38.4012999,15454,368168031,2002,fire_station,Wilton Fire Station
-121.3738406,38.4812971,15471,368168051,2002,fire_station,Sacramento Metro Fire Station Number 50
-121.2110586,38.4946306,15474,368168054,2002,fire_station,Sacramento Metro Fire Station Number 58
-121.298283,38.4754643,15475,368168055,2002,fire_station,Sacramento Metro Fire Station Number 55
-121.37118,38.4087531,16257,368170485,2007,library,Elk Grove Community Library
-121.354673,38.4229656,16597,368171316,2001,police,Sacramento County Sheriff - South Division Stationhouse
-121.2580038,38.4012999,16599,368171318,2001,police,Sacramento County Sheriff - Wilton Safety Center
-121.4560652,38.5168513,13080,358852264,2005,post_office,Colonial Post Office
-121.5138445,38.5193511,13118,358852341,2005,post_office,Land Park Post Office
-121.4688434,38.549906,13142,358852405,2005,post_office,Oak Park Post Office
-121.4074528,38.5426842,15247,368167521,2009,courthouse,W R Ridgeway Family Relations Courthouse
-121.4066195,38.5504619,15248,368167522,2009,courthouse,Carol Miller Justice Center
-121.4699545,38.5443506,15372,368167867,2002,fire_station,Sacramento Fire Station Number 6
-121.3927303,38.5487953,15396,368167905,2002,fire_station,Sacramento Fire Station Number 60
-121.4657876,38.509907,15402,368167911,2002,fire_station,Sacramento Fire Station Number 56
-121.4835659,38.5337953,15409,368167929,2002,fire_station,Sacramento Fire Station Number 12
-121.518289,38.5165734,15410,368167930,2002,fire_station,Sacramento Fire Station Number 13
-121.4257866,38.5237957,15411,368167931,2002,fire_station,Sacramento Fire Station Number 10
-121.4988441,38.521851,15413,368167933,2002,fire_station,Sacramento Fire Department
-121.4785658,38.5251844,16233,368170444,2007,library,Animal Protection Institute of America Library
-121.471899,38.5490727,16234,368170445,2007,library,Gordon D Schaber Law Library
-121.4455093,38.5324066,16236,368170448,2007,library,Colonial Heights Community Library
-121.4910662,38.5407395,16251,368170478,2007,library,Sacramento City College Learning Resources Division Library
-121.4507873,38.5460173,16479,368171110,2099,public_building,Department of Motor Vehicles - Sacramento Office
-121.4991219,38.521851,16527,368171174,2001,police,City of Sacramento Police Department Headquarters
-121.4716212,38.5271288,16538,368171186,2001,police,Joseph E City of Sacramento Police - Rooney Police Facility
-121.2741163,38.6440709,10745,358835927,2005,post_office,Fair Oaks Post Office
-121.2713385,38.6418487,15478,368168058,2002,fire_station,Sacramento Metro Fire Station Number 31
-121.297295,38.6811319,13079,358852263,2005,post_office,Citrus Heights Post Office
-121.3438404,38.6646257,13099,358852304,2005,post_office,Foothill Farms Post Office
-121.3499517,38.6551816,15377,368167881,2002,fire_station,Sacramento Metro Fire Station Number 24
-121.3313402,38.7010137,15378,368167884,2002,fire_station,Sacramento Metro Fire Station Number 25
-121.2921725,38.710458,15379,368167886,2002,fire_station,Sacramento Metro Fire Station Number 27
-121.2835611,38.6785144,15381,368167888,2002,fire_station,Sacramento Metro Fire Station Number 21
-121.3155063,38.6785143,15383,368167890,2002,fire_station,Sacramento Metro Fire Station Number 23
-121.308006,38.6493484,15389,368167898,2002,fire_station,Sacramento Metro Fire Station Number 108
-121.3075277,38.6866885,16230,368170440,2007,library,Sylvan Oaks Community Library
-121.3593963,38.6465707,16480,368171113,2099,public_building,Federal Bureau of Investigation - Sacramento
-121.2985615,38.6807365,16529,368171176,2001,police,Citrus Heights Police Station
-121.3602297,38.6590703,16532,368171179,2001,police,California Highway Patrol - North Sacramento Office
-121.3291178,38.6385153,16535,368171182,2001,police,Sacramento County Sheriff - Carmichael Service Center
-121.3352291,38.6665702,16593,368171311,2001,police,Sacramento County Sheriff - Garfield Station
-121.3455339,38.660412,43720,2098718253,2005,post_office,FedEx Office Print and Ship Center
-121.4691212,38.565739,13101,358852307,2005,post_office,Fort Sutter Post Office
-121.4705101,38.5629613,16219,368170421,2007,library,Sacramento Area Council of Governments Library
-121.4846771,38.5599057,13066,358852243,2005,post_office,Broadway Post Office
-121.5035665,38.5649056,15399,368167908,2002,fire_station,Sacramento Fire Station Number 5
-121.4889453,38.580629,15405,368167920,2002,fire_station,Sacramento Fire Station Number 2
-121.4827328,38.5910161,15408,368167927,2002,fire_station,Sacramento Fire Station Number 14
-121.5013443,38.5735165,15414,368167934,2002,fire_station,Sacramento Fire Station Number 1
-121.4941219,38.5793496,16210,368170395,2007,library,California Division of Mines and Geology Library
-121.4924171,38.5745911,16211,368170396,2007,library,California Department of Pesticide Regulation Library
-121.4932351,38.5748826,16212,368170397,2007,library,California State Department of Transportation Law Library
-121.4841217,38.5762942,16213,368170399,2007,library,California State Department of Alcohol and Drug Programs Resource Center Library
-121.4866217,38.5774053,16215,368170401,2007,library,California Attory Generals Law Library
-121.4805104,38.5746276,16216,368170402,2007,library,California Air Resources Board Library
-121.4830104,38.5635168,16217,368170411,2007,library,E K McClatchy Neighborhood Library
-121.4913025,38.5807133,16221,368170430,2007,library,California Taxpayers Association Library
-121.496622,38.5757386,16222,368170431,2007,library,California State Resources Agency Library
-121.4816751,38.556468,16223,368170432,2007,library,California Highway Patrol Headquarters Library
-121.4977331,38.572961,16224,368170433,2007,library,California Water Resources Control Board Law Library
-121.5063444,38.5651834,16225,368170435,2007,library,California State Braille and Talking Book Library
-121.5049555,38.5757386,16227,368170437,2007,library,Architectural-Engineering Library California State Architect
-121.4877329,38.5774053,16445,368171028,2099,public_building,Sacramento Convention and Visitors Bureau
-121.4795503,38.5562947,16546,368171202,2001,police,California Highway Patrol Headquarters
-121.5028534,38.5773947,78061,4356744574,2007,library,California State Board of Equalization Law Library
-121.4862909,38.5675204,81995,4571256143,2005,post_office,The UPS Store
-121.301893,38.2660259,10904,358836928,2005,post_office,Galt Post Office
-121.2418918,38.2940809,13109,358852320,2005,post_office,Herald Post Office
-121.2407807,38.2938031,15419,368167943,2002,fire_station,Herald Fire Station Number 87
-121.3088376,38.2540818,15421,368167945,2002,fire_station,Galt Fire Station
-121.2892681,38.2798535,15472,368168052,2002,fire_station,Sacramento Metro Fire Station Number 46
-121.3041153,38.2532484,15481,368168074,2002,fire_station,Sacramento Metro Fire Station Number 45
-121.2974484,38.2510263,16248,368170469,2007,library,Galt Neighborhood Library
-121.3055042,38.2638037,16524,368171171,2001,police,Galt Police Station
-121.2957817,38.252693,16792,368171709,2008,town_hall,Galt City Hall
-121.3977305,38.5965718,13060,358852233,2005,post_office,Arden Post Office
-121.3813413,38.6115715,13082,358852267,2005,post_office,Country Club Centre Post Office
-121.4030084,38.6196267,13181,358852476,2005,post_office,Town and Country Post Office
-121.4163761,38.5795767,15185,368167141,2099,public_building,Los Rios Community College District Office
-121.3849524,38.6065716,15387,368167896,2002,fire_station,Sacramento Metro Fire Station Number 106
-121.401064,38.6199045,15392,368167901,2002,fire_station,Sacramento Metro Fire Station Number 101
-121.3993971,38.5818499,15393,368167902,2002,fire_station,Sacramento Metro Fire Station Number 105
-121.4174532,38.5893497,15397,368167906,2002,fire_station,Sacramento Metro Fire Department
-121.3930081,38.6021272,16220,368170429,2007,library,Kaiser Permanente Medical Center Health Sciences Library
-121.3832856,38.5807389,16235,368170447,2007,library,Arden-Dimick Community Library
-121.4030084,38.6185157,16237,368170449,2007,library,Arcade Community Library
-121.3974528,38.6021272,16252,368170479,2007,library,United States Department of the Interior Bureau of Reclamation Library
-121.3974528,38.6026828,16477,368171107,2099,public_building,Federal Building
-121.3985639,38.6021272,16478,368171108,2099,public_building,Federal Building
-121.4024529,38.6176824,16594,368171312,2001,police,Sacramento County Sheriff - Marconi Station
-121.4038481,38.6184151,41295,1932941993,2007,library,Arcade Library
-121.1660347,38.6715518,7694,358815715,2005,post_office,Folsom Post Office
-121.1616665,38.6919557,7723,358815827,2005,post_office,Repressa Post Office
-121.1841142,38.6965697,15422,368167946,2002,fire_station,Folsom Fire Station Number 36
-121.1366129,38.6771258,15423,368167947,2002,fire_station,Folsom Fire Station Number 38
-121.1655024,38.6682371,15425,368167949,2002,fire_station,Folsom Fire Station Number 35
-121.168534,38.6730317,16485,368171120,2099,public_building,California Department of Motor Vehicles - Folsom Office
-121.1627247,38.6824034,16525,368171172,2001,police,Folsom Police Station
-121.1643913,38.6818478,16813,368171738,2008,town_hall,Folsom City Hall
-121.1299459,38.6557374,15424,368167948,2002,fire_station,Folsom Fire Station Number 37
-121.1238323,38.6523872,38176,1752655297,2005,post_office,The UPS Store
-121.519121,38.3688,13111,358852325,2005,post_office,Hood Post Office
-121.4799546,38.4907408,15406,368167925,2002,fire_station,Sacramento Fire Station Number 16
-121.531067,38.4979628,15412,368167932,2002,fire_station,Sacramento Fire Station Number 11
-121.5130097,38.3665778,15417,368167938,2002,fire_station,Hood Fire Station
-121.4816206,38.4154653,15428,368167960,2002,fire_station,Elk Grove Fire Station Number 75
-121.5370409,38.493835,79953,4438163375,2007,library,Robbie Waters Public Library
-121.5907918,38.6996253,15416,368167936,2002,fire_station,Sacramento Airport Fire Station
-121.4441206,38.5668501,13069,358852249,2005,post_office,Camellia Post Office
-121.4482874,38.6032381,13159,358852432,2005,post_office,Sacramento Main Post Office
-121.4277313,38.5676836,15398,368167907,2002,fire_station,Sacramento Fire Station Number 8
-121.4649544,38.5710166,15400,368167909,2002,fire_station,Sacramento Fire Station Number 4
-121.4274535,38.5960162,15403,368167912,2002,fire_station,Sacramento Fire Station Number 19
-121.4626095,38.5771374,16232,368170443,2007,library,McKinley Neighborhood Library
-121.451418,38.6101124,16249,368170474,2007,library,North Sacramento - Hagginwood Neighborhood Library
-121.4475569,38.6133621,94331,5309751260,2002,fire_station,Fire Station no.20
-121.4541205,38.4829634,13144,358852408,2005,post_office,Parkway Post Office
-121.4268974,38.4682417,15395,368167904,2002,fire_station,Sacramento Fire Station Number 7
-121.4538427,38.4854633,15401,368167910,2002,fire_station,Sacramento Fire Station Number 57
-121.3877296,38.4385205,15427,368167953,2002,fire_station,Elk Grove Fire Station Number 76
-121.4566197,38.3771332,15430,368167963,2002,fire_station,Elk Grove Fire Station Number 72
-121.3780068,38.4085215,15431,368167964,2002,fire_station,Elk Grove Fire Station Number 71
-121.4241198,38.48713,15469,368168047,2002,fire_station,Sacramento Metro Fire Station Number 53
-121.4035634,38.4596309,15470,368168048,2002,fire_station,Sacramento Metro Fire Station Number 51
-121.4336847,38.4920036,16250,368170475,2007,library,Southgate Community Library
-121.4282864,38.4754638,16335,368170813,2007,library,Valley Hi - North Laguna Library
-121.4313414,38.3921328,16336,368170819,2007,library,Franklin Comminity Library
-121.4349534,38.494352,16484,368171119,2099,public_building,Department of Motor Vehicles - Florin Office
-121.3957851,38.4171322,16526,368171173,2001,police,Elk Grove Police Station
-121.4207862,38.475186,16530,368171177,2001,police,California Highway Patrol - South Sacramento Office
-121.4396758,38.4987963,16533,368171180,2001,police,Sacramento County Sheriff - Florin Station
-121.3957851,38.4171322,16791,368171708,2008,town_hall,Elk Grove City Hall
-121.417369,38.4226294,38827,1776874326,2005,post_office,FedEx Office Print and Ship Center
-121.4374674,38.3927806,42836,2045389385,2002,fire_station,Consumnes CSD Fire Station 72
-121.4482876,38.6912916,7725,358815832,2005,post_office,Rio Linda Post Office
-121.4655103,38.7149021,10706,358835687,2005,post_office,Elverta Post Office
-121.4302315,38.637404,13086,358852273,2005,post_office,Del Paso Heights Post Office
-121.419398,38.7140689,15380,368167887,2002,fire_station,Sacramento Metro Fire Station Number 117
-121.4496766,38.6904583,15384,368167892,2002,fire_station,Sacramento Metro Fire Station Number 111
-121.4668993,38.7143465,15386,368167895,2002,fire_station,Sacramento Metro Fire Station Number 116
-121.479955,38.6471259,15404,368167914,2002,fire_station,Sacramento Fire Station Number 18
-121.4355094,38.6476816,15407,368167926,2002,fire_station,Sacramento Fire Station Number 17
-121.4512306,38.6902356,16199,368170359,2007,library,Rio Linda Neighborhood Library
-121.4455096,38.6362929,16228,368170438,2007,library,Del Paso Heights Neighborhood Library
-121.4299537,38.6324041,16528,368171175,2001,police,City of Sacramento Police - William J Kinney Police Facility
-121.5180237,38.6575093,28325,1169008159,2007,library,North Natomas Library
-121.5403831,38.644792,42502,2015394213,2002,fire_station,Fire Station 43
-121.503601,38.6711278,43856,2106325898,2002,fire_station,Sacramento City Fire Station 30
-121.2263374,38.6799034,7716,358815804,2005,post_office,Orangevale Post Office
-121.2110592,38.6799034,15382,368167889,2002,fire_station,Sacramento Metro Fire Station Number 22
-121.2168925,38.6290714,15461,368168039,2002,fire_station,Sacramento Metro Fire Station Number 63
-121.2260595,38.6565707,15477,368168057,2002,fire_station,Sacramento Metro Fire Station Number 32
-121.2346709,38.6810144,15479,368168059,2002,fire_station,Sacramento Metro Fire Station Number 29
-121.2582827,38.700736,15480,368168060,2002,fire_station,Sacramento Metro Fire Station Number 28
-121.20217,38.661015,15483,368168085,2002,fire_station,Sacramento Metro Fire Station Number 33
-121.2627272,38.6626816,16231,368170441,2007,library,Fair Oaks Community Library
-121.2299486,38.6776812,16337,368170821,2007,library,Orangevale Neighborhood Library
-121.2427267,38.6649037,16534,368171181,2001,police,Sacramento County Sheriff - Fair Oaks / Orangevale Service Center
-121.1002226,38.4940753,13172,358852462,2005,post_office,Sloughhouse - Rancho Murieta Post Office
-121.1602234,38.3346356,15420,368167944,2002,fire_station,Herald Fire Station Number 88
-121.1882801,38.4426878,15459,368168037,2002,fire_station,Wilton Fire Station Number 83
-121.0993892,38.4960196,15473,368168053,2002,fire_station,Sacramento Metro Fire Station Number 59
-121.4813439,38.6254598,3419,358773587,2082,school,Rio Tierra Junior High School
-121.476077,38.6154621,3650,358776145,2082,school,Alethea B Smythe Elementary School
-121.4810661,38.6240709,3696,358776650,2082,school,Hazel Strauch Elementary School
-121.5102336,38.6212932,10775,358836070,2082,school,Jefferson Elementary School
-121.5013444,38.6001825,13057,358852229,2082,school,American Justice Institute
-121.4952332,38.6285152,13137,358852396,2082,school,Natomas High School
-121.4809062,38.595167,24976,843615697,2082,school,Roberts Family Development Center - Twin Rivers
-121.4964884,38.6118907,44003,2116536659,2501,supermarket,Bel Air
-121.4770357,38.628318,93620,5276287053,2501,supermarket,Smart & Final
-121.4769213,38.6092942,93636,5276563200,2501,supermarket,99c only store
-121.3774524,38.6776809,2493,358762982,2082,school,Campos Verdes Adult Education Center
-121.3816192,38.6765699,2780,358766331,2082,school,Frederick C Joyce Elementary School
-121.3702301,38.7004582,2906,358767677,2082,school,Oliver Wendall Holmes Elementary School
-121.3718967,38.6843474,3049,358769078,2082,school,Larchmont Elementary School
-121.3874528,38.7071246,3666,358776380,2082,school,Cyril Spinelli Elementary School
-121.3737048,38.7063725,10708,358835728,2082,school,North County Elementary School
-121.3757857,38.6776809,10724,358835808,2082,school,Pacific Career and Technical High School
-121.3732856,38.6624035,13126,358852369,2082,school,Martin's Achievement School
-121.3828649,38.6433382,13564,358858380,2082,school,Maric College - Sacramento
-121.387294,38.661295,23592,722634581,2082,school,Wildland Fire Training and Conference Center
-121.3940728,38.7158706,27884,1131906352,2501,supermarket,FoodMaxx
-121.3826049,38.6481322,73304,4099429533,2402,motel,Mega Inn
-121.384107,38.6470261,73305,4099429534,2402,motel,Courtyard Inn
-121.3835598,38.6430039,73306,4099429535,2402,motel,Red Roof Inn
-121.3899606,38.6342256,73307,4099429536,2402,motel,Surf Motel
-121.38631,38.649823,94536,5315598050,2501,supermarket,Walmart Supercenter
-121.394667,38.712775,94592,5315600785,2501,supermarket,Walmart Supercenter
-121.5649548,38.3304677,2385,358761487,2082,school,Bates Elementary School
-121.6091206,38.1613059,10907,358836932,2082,school,Isleton Elementary School
-121.5688438,38.3301899,13133,358852390,2082,school,Mokelumne High School
-121.3518958,38.5487954,2324,358760721,2082,school,Albert Einstein Middle School
-121.3585628,38.604905,2421,358761939,2082,school,Choices Charter School
-121.3513405,38.6268489,2545,358763597,2082,school,Winston Churchill Middle School
-121.3096726,38.5968498,2582,358764093,2082,school,Cordova Gardens Elementary School
-121.2868943,38.6046275,2583,358764099,2082,school,Cordova Lane Elementary School
-121.3163395,38.5899056,2584,358764103,2082,school,Cordova Meadows Elementary School
-121.2985612,38.5796281,2585,358764105,2082,school,Cordova Villa Elementary School
-121.3377289,38.5885166,2615,358764612,2082,school,Del Dayo Elementary School
-121.3696743,38.6137937,2621,358764634,2082,school,Del Paso Manor Elementary School
-121.3630074,38.6093493,2683,358765237,2082,school,El Camino Fundamental High School
-121.3602295,38.567406,2703,358765528,2082,school,O W Erlewine Elementary School
-121.3510626,38.5862944,2975,358768367,2082,school,Jesuit High School
-121.2885608,38.5440736,3023,358768781,2082,school,Mather Youth Academy
-121.3396735,38.6140716,3148,358770256,2082,school,Marvin Marshall Chidlren's Center
-121.2774494,38.5440736,3156,358770328,2082,school,Mather Heights Elementary School
-121.3038392,38.5987943,3190,358770800,2082,school,Mills Middle School
-121.355785,38.6185158,3196,358770860,2082,school,Mission Avenue Elementary School
-121.3468958,38.603794,3306,358772215,2082,school,Our Lady of the Assumption School
-121.3680075,38.6229602,3373,358773058,2082,school,Our Lady of the Presentation Catholic School
-121.2957834,38.5999054,3385,358773204,2082,school,Rancho Cordova Elementary School
-121.2927278,38.6162938,3430,358773637,2082,school,Riverview Elementary School
-121.3013391,38.6032386,3489,358774214,2082,school,Saint John Vianney School
-121.3630072,38.5526842,3551,358774949,2082,school,Sequoia Elementary School
-121.3007835,38.6068496,3567,358775154,2082,school,Peter J Shields Elementary School
-121.3518959,38.600183,3684,358776528,2082,school,Starr King Elementary and Middle School
-121.3696743,38.6185158,3743,358777414,2082,school,Town and Country Lutheran School
-121.2766163,38.611294,3824,358778219,2082,school,W E Mitchell Middle School
-121.2793941,38.6071274,3829,358778274,2082,school,Walnutwood High School
-121.2999501,38.5862946,3863,358778786,2082,school,White Rock Elementary School
-121.2841165,38.6126829,3879,358778992,2082,school,Williamson Elementary School
-121.3241174,38.5660173,3891,358779135,2082,school,A M Winn Elementary School
-121.3132837,38.571295,10831,358836445,2082,school,Abraham Lincoln Elementary School
-121.367174,38.541851,10833,358836457,2082,school,Golden Empire Elementary School
-121.3688408,38.5610172,10834,358836460,2082,school,Isador Cohen Elementary School
-121.3432845,38.555462,10835,358836462,2082,school,James W Marshall Elementary School
-121.2760607,38.6012943,10836,358836464,2082,school,Kinney High School
-121.3463487,38.5589329,10850,358836575,2082,school,Capital Christian Deaf Center
-121.3535627,38.600183,10863,358836728,2082,school,Starr King Middle School
-121.3374512,38.6204603,10866,358836744,2082,school,Victory Christian High School
-121.3189993,38.5819959,13076,358852259,2082,school,Carousel School
-121.2999501,38.5787948,13081,358852266,2082,school,Cordova Villa Center
-121.3399511,38.546851,13089,358852282,2082,school,El Centro Junior Senior High School
-121.3330066,38.6096272,13090,358852285,2082,school,El Rancho School
-121.2488378,38.627127,13107,358852316,2082,school,Gold River Elementary School
-121.3641186,38.614627,13131,358852384,2082,school,Merryhill School - Eastern
-121.3527294,38.6007385,13150,358852418,2082,school,Ralph Richardson Center
-121.3638407,38.5860166,13155,358852425,2082,school,River Oak Center for Children
-121.3416178,38.5440734,13157,358852427,2082,school,Rosemont High School
-121.3538405,38.6040718,13164,358852440,2082,school,Saint Michaels Episcopal Day School
-121.3385621,38.5479622,13179,358852473,2082,school,Thortin Youth Center - Esperanza
-121.3385621,38.5493509,13189,358852490,2082,school,William K Morgan Alternative Center
-121.345507,38.6251824,13192,358852494,2082,school,Wonderland School
-121.2626708,38.6236779,13496,358858076,2082,school,Northwestern College
-121.2813692,38.5914421,13507,358858121,2082,school,ITT Technical Institute
-121.278065,38.5943509,13526,358858202,2082,school,Heald College - Sacramento
-121.3341785,38.5614299,13559,358858361,2082,school,High - Tech Institute - Sacramento
-121.3723606,38.618842,13605,358858561,2082,school,Western Seminary - Sacramento
-121.3715355,38.5557976,13606,358858563,2082,school,Western Career College
-121.2966882,38.5728199,28744,1212919850,2110,hospital,VA Medical Center
-121.3167883,38.5648692,36415,1651707078,2082,school,George Washington Carver School of Arts and Science
-121.2924823,38.5771137,51200,2588232401,2110,hospital,Kaiser Permanente
-121.2635602,38.6252538,57329,2983741065,2501,supermarket,Bel Air
-121.2706986,38.6165531,59422,3180195249,2501,supermarket,Smart & Final
-121.3420946,38.5701387,74200,4129793982,2402,motel,Vince's Motel
-121.3343409,38.5584371,77117,4311966407,2501,supermarket,Food Source
-121.3302349,38.6294936,86883,4812498215,2012,community_centre,Carmichael Park community center
-121.2332764,38.544545,87598,4872587093,2082,school,Robert McGarvey Elementary School
-121.2918143,38.5961282,94576,5315599514,2501,supermarket,Walmart Supercenter
-121.2505036,38.4040777,2634,358764739,2082,school,C W Dillard Elementary School
-121.3130053,38.4304656,3355,358772860,2082,school,Pleasant Grove Elementary School
-121.361896,38.5260182,3577,358775264,2082,school,Sierra Enterprise Elementary School
-121.3602287,38.4129659,6362,358803900,2110,hospital,Elk Grove Convalescent Hospital
-121.251337,38.4054665,10921,358836967,2082,school,Wilton Christian School
-121.2516148,38.4049109,10922,358836968,2082,school,Wilton Christian High School
-121.372729,38.4140769,10976,358837157,2082,school,Elk Grove Adult Education School
-121.3585622,38.4479649,13061,358852235,2082,school,Arthur C Butler Elementary School
-121.335506,38.4549092,13063,358852239,2082,school,Bradshaw Christian School
-121.3638399,38.4093548,13092,358852290,2082,school,Elk Grove Charter School
-121.376618,38.4112992,13093,358852294,2082,school,Elk Grove Montessori School
-121.3649513,38.4615755,13123,358852359,2082,school,Maeola R Beitzel Elementary School
-121.3655068,38.4518535,13130,358852383,2082,school,Merryhill School - Calvine
-121.3410619,38.4660199,13156,358852426,2082,school,Robert J Fite Elementary School
-121.3474509,38.456298,13169,358852458,2082,school,Sheldon High School
-121.3474509,38.4587979,13178,358852472,2082,school,T R Smedgerg Middle School
-121.3699306,38.4534163,86723,4800084585,2501,supermarket,Safeway
-121.3700315,38.4515658,86725,4800095559,2501,supermarket,BelAir
-121.3690138,38.4828027,94410,5311615964,2501,supermarket,Walmart
-121.3730987,38.4248364,94420,5312287350,2501,supermarket,Save Mart Supermarkets
-121.4393981,38.5401842,2328,358760782,2082,school,All Hallows School
-121.4641211,38.5479617,2345,358760935,2082,school,American Legion High School
-121.4521762,38.5215735,2375,358761272,2082,school,Ethel I Baker Elementary School
-121.5269002,38.5076847,2394,358761571,2082,school,Bear Flag Elementary School
-121.5091221,38.5126846,2422,358761976,2082,school,Alice Birney Elementary School
-121.4630098,38.5357397,2423,358761982,2082,school,Christian Brothers High School
-121.4182864,38.5332399,2435,358762251,2082,school,Joseph Bonnheim Elementary School
-121.5160667,38.5274065,2444,358762385,2082,school,Sam Brannan Middle School
-121.4763436,38.5443505,2447,358762418,2082,school,Bret Harte Elementary School
-121.4357868,38.521018,2471,358762759,2082,school,Peter Burnett Elementary School
-121.518289,38.5257398,2481,358762864,2082,school,John Cabrillo Elementary School
-121.4193975,38.5079629,2489,358762962,2082,school,Camellia Basic Elementary School
-121.4171753,38.5262957,2663,358765076,2082,school,Earl Warren Elementary School
-121.4099528,38.5157404,2692,358765337,2082,school,Elder Creek Elementary School
-121.4541208,38.5326843,2778,358766322,2082,school,Fruit Ridge Elementary School
-121.4468982,38.5154626,2807,358766587,2082,school,Gloria Dei Lutheran Elementary School
-121.4252311,38.5407397,2901,358767591,2082,school,Hiram W Johnson High School
-121.489955,38.5301842,2905,358767669,2082,school,Hollywood Park Elementary School
-121.5052332,38.5404617,2915,358767732,2082,school,Holy Spirit School
-121.4788436,38.5165735,2935,358767939,2082,school,Collis P Huntington Elementary School
-121.4713434,38.519629,3138,358770137,2082,school,Maple Elementary School
-121.4388425,38.5304622,3142,358770208,2082,school,Mark Twain Elementary School
-121.4716213,38.548795,3160,358770442,2082,school,McGeorge School of Law
-121.4441204,38.5082404,3246,358771574,2082,school,Nicholas Elementary School
-121.4635654,38.5340731,3270,358771885,2082,school,Oak Ridge Elementary School
-121.4593985,38.5135181,3313,358772303,2082,school,Pacific Elementary School
-121.4766214,38.5332397,3341,358772629,2082,school,Ethel I Phillips Elementary School
-121.4321756,38.5187958,3504,358774395,2082,school,Saint Peter's Catholic School
-121.4871771,38.5301842,3507,358774418,2082,school,Saint Robert Elementary School
-121.5007886,38.5290731,3714,358776906,2082,school,Sutterville Elementary School
-121.4362742,38.5457541,3721,358777044,2082,school,Tahoe Elementary School
-121.4452316,38.5132403,3895,358779167,2082,school,Clayton B Wire Elementary School
-121.4299534,38.5168514,3897,358779194,2082,school,Will C Wood Middle School
-121.4438426,38.511296,10779,358836080,2082,school,Calvary Christian School
-121.4443981,38.5107404,10780,358836081,2082,school,Calvary Christian High School
-121.4507873,38.548795,10803,358836138,2082,school,Marian Anderson Elementary School
-121.464121,38.5424062,10821,358836214,2082,school,Father Keith B Kenny Elementary School
-121.5082888,38.5468504,13067,358852245,2082,school,"Brookfield School, Inc"
-121.4966219,38.5212955,13070,358852250,2082,school,Camellia Waldorf School
-121.4396758,38.5110182,13105,358852312,2082,school,Genesis High School
-121.4666211,38.5282399,13115,358852337,2082,school,Kipp Sol Aureus College Preparatory
-121.5032886,38.5101847,13117,358852339,2082,school,Land Park Academy
-121.4685656,38.5507393,13139,358852398,2082,school,New Dimension Learning Academy
-121.4341202,38.5151848,13140,358852400,2082,school,Northern California Preparatory School
-121.478288,38.5385174,13145,358852409,2082,school,"Land Park Academy, Pat Anderson Education Center"
-121.4649544,38.5374064,13161,358852436,2082,school,Saint Hope Academy
-121.4693988,38.5185179,13165,358852441,2082,school,Saint Patrick School
-121.3930079,38.5246292,13186,358852486,2082,school,Visual and Performing Arts Charter School
-121.4396759,38.5290734,13188,358852489,2082,school,West Campus High School
-121.460351,38.5241813,22625,634789944,2012,community_centre,Fruitridge Community Center
-121.4332137,38.5016311,42894,2047684786,2501,supermarket,SF Supermarket
-121.4961984,38.530849,44625,2143487611,2501,supermarket,Raley's
-121.4527317,38.5529775,51202,2588232405,2081,university,UC Davis School of Medicine
-121.4559064,38.5472861,51922,2617822805,2501,supermarket,Food Source
-121.5007217,38.5157031,73310,4099518976,2402,motel,Sky Riders Motel
-121.4341895,38.5061926,73312,4099518978,2402,motel,Rodeway Inn
-121.4388222,38.5178611,73318,4099518984,2402,motel,Best Six Motel
-121.4433031,38.5270121,73319,4099518985,2402,motel,Budget Inn
-121.4557434,38.5500636,73320,4099518986,2402,motel,De Ville Motel
-121.5412946,38.5096119,77703,4344001952,2501,supermarket,Grocery Outlet
-121.5258715,38.516321,78009,4355019129,2082,school,Brookfield School
-121.4962203,38.5289926,80678,4489792574,2501,supermarket,Oto's Marketplace
-121.4508645,38.5520732,90738,5080748921,2082,school,Uc davis school of nursing
-121.3062236,38.7184104,3064,358769293,2082,school,Lichen Elementary School
-121.2749498,38.7035137,2910,358767707,2082,school,Holy Family Elementary School
-121.2774498,38.6699035,3019,358768759,2082,school,Kingswood Elementary School
-121.2805055,38.7107357,3141,358770196,2082,school,Mariposa Avenue Elementary School
-121.2743941,38.6518484,3501,358774359,2082,school,Saint Mel's Catholic School
-121.2805053,38.652404,10737,358835888,2082,school,Freedom Christian School
-121.2802276,38.6521262,10738,358835889,2082,school,Freedom Christian High School
-121.2805055,38.7001805,13074,358852256,2082,school,Carden Sunrise Christian School
-121.2793943,38.6896252,13095,358852298,2082,school,Faith Christian Academy
-121.2730052,38.6710146,13163,358852439,2082,school,Saint Mark's Lutheran School
-121.2749434,38.6620983,35921,1609230734,2501,supermarket,Trader Joe's
-121.270794,38.6798103,37791,1737746314,2501,supermarket,Sprouts
-121.2748179,38.6729138,61245,3330083460,2501,supermarket,Target Store
-121.3646743,38.6896251,2330,358760805,2082,school,Warren A Allison Elementary School
-121.3138397,38.6865697,2357,358761111,2082,school,Arlington Heights Elementary School
-121.3135618,38.6429598,2383,358761461,2082,school,John Barrett Middle School
-121.332729,38.643793,2490,358762968,2082,school,Cameron Ranch Elementary School
-121.3230064,38.6346266,2508,358763121,2082,school,Carmichael Elementary School
-121.2932836,38.694625,2549,358763636,2082,school,Citrus Heights Elementary School
-121.3166175,38.6674035,2594,358764228,2082,school,Coyle Avenue Elementary School
-121.3007837,38.653515,2631,358764696,2082,school,Harry Dewey Fundamental Elementary School
-121.3621743,38.6857363,2642,358764824,2082,school,Don Julio Junior High School
-121.3480072,38.6757365,2743,358765985,2082,school,Foothill Farms Junior High School
-121.3491184,38.6796253,2744,358765988,2082,school,Foothill High School
-121.3430071,38.6835141,2777,358766315,2082,school,Frontier Elementary School
-121.3371735,38.63296,2793,358766440,2082,school,Garfield Elementary School
-121.3010616,38.7110135,2821,358766738,2082,school,Grand Oaks Elementary School
-121.3405069,38.6635147,2880,358767375,2082,school,La Entrada Continuation High School
-121.3588409,38.6879585,2888,358767496,2082,school,Highlands High School
-121.3563408,38.6860141,2897,358767537,2082,school,Hillsdale Elementary School
-121.2880055,38.6471263,2907,358767681,2082,school,John Holst Elementary School
-121.3180063,38.6518483,3003,358768606,2082,school,Thomas Kelly Elementary School
-121.3657854,38.6790698,3026,358768814,2082,school,Kohler Elementary School
-121.3368957,38.6632369,3058,358769147,2082,school,Laurel Ruff Center
-121.3630074,38.637682,3328,358772462,2082,school,Pasadena Avenue Elementary School
-121.317173,38.6599037,3332,358772525,2082,school,Charles Peck Elementary School
-121.3424515,38.6729589,3350,358772821,2082,school,Pioneer Elementary School
-121.3307844,38.6435152,3486,358774198,2082,school,Saint John the Evangelist School
-121.3627299,38.6896251,3494,358774279,2082,school,Saint Lawrence School
-121.2999503,38.6443486,3543,358774838,2082,school,Albert Schweitzer Elementary School
-121.2855055,38.6685147,3582,358775364,2082,school,Skycrest Elementary School
-121.2910613,38.6965695,3719,358776987,2082,school,Sylvan Middle School
-121.3071727,38.6529595,3874,358778945,2082,school,Will Rogers Middle School
-121.3085618,38.7010138,10712,358835753,2082,school,American Christian Academy
-121.2952281,38.6662925,10714,358835757,2082,school,Cambridge Heights Elementary School
-121.288839,38.6793477,10719,358835782,2082,school,Los Amigos Continuation High School
-121.3513406,38.6726811,10727,358835826,2082,school,Woodridge Elementary School
-121.2968948,38.7024026,10729,358835833,2082,school,Carriage Drive Elementary School
-121.2980059,38.7021248,10731,358835845,2082,school,Mesa Verde High School
-121.2977281,38.6635148,10733,358835849,2082,school,Palos Via High School
-121.2916168,38.6368488,10736,358835886,2082,school,Faith Lutheran Elementary School
-121.3602297,38.6315711,13054,358852225,2082,school,Aldar Academy
-121.3396735,38.6349043,13055,358852226,2082,school,Alicante School - Carmichael
-121.3582853,38.7054581,13058,358852230,2082,school,Antelope Christian Academy
-121.2919678,38.6711119,13083,358852269,2082,school,Countryside Montessori School
-121.2885612,38.6843475,13085,358852271,2082,school,Creative Frontiers Elementary School
-121.3566186,38.6860141,13088,358852277,2082,school,Eastside Charter School
-121.3405068,38.6343487,13094,358852297,2082,school,Excelsior High School
-121.3349514,38.6912918,13100,358852305,2082,school,Foothill Oaks Elementary School
-121.3399513,38.6343487,13113,358852331,2082,school,Jane Lathrop School
-121.3399513,38.634071,13119,358852349,2082,school,Laureate Learning Center
-121.3455071,38.6876807,13122,358852358,2082,school,Liberty Towers Christian School
-121.3605075,38.6846252,13132,358852389,2082,school,Miles P Richmond School
-121.3402291,38.634071,13143,358852407,2082,school,Paragon School
-121.3563409,38.7004582,13154,358852423,2082,school,Ridgepoint Elementary School
-121.3349512,38.6487929,13158,358852429,2082,school,Sacramento Adventist Academy
-121.3668965,38.6624035,13182,358852479,2082,school,Trinity Christian School
-121.3271733,38.6524039,13185,358852484,2082,school,Visions In Education School
-121.3221732,38.683792,13190,358852491,2082,school,Wings Learning Resources
-121.3425507,38.6612373,13521,358858183,2082,school,MTI College
-121.3661026,38.6618229,13602,358858548,2082,school,Trinity Life Bible College
-121.326109,38.649725,23315,702357125,2501,supermarket,Save Mart
-121.3660884,38.7118069,27885,1132068742,2501,supermarket,Bel Air
-121.3400979,38.6351334,50213,2499140537,2082,school,California Montessori Project - Carmichael
-121.2970899,38.6894219,58043,3052782285,2501,supermarket,Costco Wholesale
-121.295274,38.689487,58045,3052795927,2501,supermarket,Walmart Supercenter
-121.3510341,38.6592576,70772,3989014158,2501,supermarket,Good Neighbor European Deli Market
-121.3623382,38.6619984,73300,4099429529,2402,motel,Super 8 Sacramento
-121.3627137,38.659594,73301,4099429530,2402,motel,Motel 6 Sacramento North
-121.3572956,38.6598286,73302,4099429531,2402,motel,La Quinta Inn Sacramento North
-121.3632042,38.6951562,83069,4618947089,2501,supermarket,99$
-121.3249003,38.6625991,94505,5315596634,2501,supermarket,Walmart Neighborhood Market
-121.475788,38.5701833,2771,358766269,2082,school,Fremont Adult School
-121.4730102,38.5729611,3478,358774165,2082,school,Saint Francis of Assisi Elementary School
-121.469399,38.5718499,6476,358807503,2110,hospital,Sutter General Hospital
-121.4763436,38.5729611,10852,358836604,2082,school,Courtyard Elementary School
-121.4702323,38.5551837,13072,358852253,2082,school,Capitol Heights Academy
-121.4728842,38.5646445,83947,4640590161,2501,supermarket,Sacramento Natural Foods Co-op
-121.481066,38.5821274,3836,358778422,2082,school,Washington Elementary School
-121.4971775,38.5668499,3877,358778962,2082,school,William Land Elementary School
-121.4830105,38.5912939,13134,358852391,2082,school,Mustard Seed School
-121.4832882,38.553517,13160,358852433,2082,school,Sacramento Valley School
-121.5074556,38.5696277,13162,358852437,2082,school,Saint John Christian Academy
-121.5013443,38.5674055,13167,358852453,2082,school,Scusd Success Academy
-121.4981018,38.5702938,50191,2495634923,2501,supermarket,Gold Star Mart
-121.4854759,38.5900675,62842,3471674307,2012,community_centre,Salvation Army
-121.4927325,38.5827976,73288,4099133294,2405,hostel,Sacramento International Hostel
-121.48344,38.5816994,73293,4099133301,2402,motel,Motel 6 Sacramento - Convention Center
-121.4829471,38.584156,73294,4099133302,2402,motel,Americas Best Value Inn Downtown
-121.2418918,38.2954697,2354,358761079,2082,school,Arcohe Elementary School
-121.2991152,38.2507485,2725,358765724,2082,school,Fairsite Elementary School
-121.310782,38.2518596,3801,358777992,2082,school,Valley Oaks Elementary School
-121.2952262,38.2565818,10902,358836925,2082,school,Estrellita High School
-121.2991152,38.256304,10903,358836927,2082,school,Galt High School
-121.295504,38.2751923,10914,358836948,2082,school,River Oaks Elementary School
-121.3218934,38.253804,10917,358836958,2082,school,Vernon E Greer Middle School
-121.3035597,38.257415,13104,358852311,2082,school,Galt Adventist Christian School
-121.2910596,38.2835254,13124,358852361,2082,school,Marengo Ranch Elementary School
-121.2868928,38.2846365,13128,358852380,2082,school,McCaffrey Middle School
-121.3280048,38.2890807,13153,358852422,2082,school,Richard A McGee Correctional Training Center
-121.304393,38.2540818,13184,358852483,2082,school,Valley Christian School of Galt
-121.2976894,38.2543008,37792,1737746451,2501,supermarket,Save Mart
-121.304762,38.289653,94526,5315597756,2501,supermarket,Walmart Supercenter
-121.3863412,38.5535174,2380,358761428,2082,school,Hubert H Bancroft Elementary School
-121.3927304,38.6051827,2589,358764165,2082,school,Cottage Elementary School
-121.3943971,38.6126825,2597,358764298,2082,school,Creekside Elementary School
-121.3885636,38.5926831,2680,358765202,2083,kindergarten,Thomas A Edison Elementary School
-121.4091197,38.5932385,2699,358765464,2082,school,Encina High School
-121.4085641,38.5893497,2843,358766924,2082,school,Greer Elementary School
-121.4138421,38.6087937,2929,358767865,2082,school,Howe Avenue Elementary School
-121.3993971,38.5537951,2973,358768341,2082,school,Thomas Jefferson Elementary School
-121.407453,38.6099048,3105,358769743,2082,school,Loretto High School
-121.388008,38.5968496,3482,358774181,2082,school,Saint Ignatius Elementary School
-121.4085642,38.6104604,3505,358774398,2082,school,Saint Philomene School
-121.3938415,38.5871276,3513,358774471,2082,school,Jonas Salk Alternative Middle School
-121.3941193,38.569628,3573,358775239,2082,school,Sierra Oaks Elementary School
-121.3910636,38.5815722,3893,358779147,2082,school,Herbert Winterstein Adult Center
-121.3924526,38.6021272,6461,358806671,2110,hospital,Kaiser Foundation Hospital
-121.4002305,38.569628,10804,358836139,2082,school,Sacramento Country Day School
-121.3991194,38.5693502,10805,358836140,2082,school,Sacramento Country Day High School
-121.4085641,38.5918496,10808,358836145,2082,school,Sierra Nueva Continuation High School
-121.3805077,38.5735169,13062,358852236,2082,school,Atkinson Youth Services School
-121.3927305,38.6171268,13073,358852255,2082,school,Carden School of Sacramento
-121.3846746,38.5976829,13120,358852352,2082,school,The Learning Institute for Success
-121.4188422,38.6029605,13121,358852355,2082,school,Leo A Palmiter High School
-121.3841191,38.5965719,13166,358852444,2082,school,San Juan Choices Charter School
-121.4080085,38.6004606,13168,358852457,2082,school,Shalom Day School
-121.3943971,38.6110159,13171,358852461,2082,school,Sierra School
-121.3916193,38.6007383,13175,358852468,2082,school,Storybook Cottage
-121.397975,38.6193495,58628,3104444346,2501,supermarket,Savemart
-121.4143325,38.5751753,71015,4001273234,2110,hospital,Valley Recovery Center of California
-121.4157177,38.6239853,73309,4099429540,2402,motel,Sands Motel
-121.3990868,38.6170218,93595,5274519618,2501,supermarket,Walmart Neighborhood Market
-121.4001327,38.6186796,93601,5274568992,2501,supermarket,Trader Joes
-121.4122353,38.6052392,94487,5315091863,2012,community_centre,Richard T Conzelmann Community Center
-121.383879,38.608813,94527,5315597757,2501,supermarket,Walmart Supercenter
-121.4236722,38.5993648,94613,5315663064,2504,mall,Market Square at Arden Fair
-121.4138029,38.6099173,94763,5324754870,2501,supermarket,99 Cent only
-121.163558,38.6779591,2991,358768508,2082,school,Theodore Judah Elementary School
-121.1507798,38.6824034,3260,358771784,2082,school,Saint John's Notre Dame School
-121.1732805,38.7001807,10743,358835906,2082,school,Carl H Sundahl Elementary School
-121.1458235,38.6704183,10750,358835945,2110,hospital,Mercy Hospital of Folsom
-121.1988257,38.6968739,10752,358835952,2082,school,Ottoman Way Elementary School
-121.1749472,38.6760146,10815,358836168,2082,school,Folsom Montessori School
-121.1535577,38.6757369,10874,358836810,2082,school,Mount Olive Lutheran Pre-School
-121.1086755,38.6778084,10963,358837112,2082,school,Empire Oaks Elementary School
-121.1296682,38.68657,13097,358852301,2082,school,Folsom Hills Elementary School
-121.1702248,38.6724036,13098,358852302,2082,school,Folsom Lake High School
-121.1952255,38.6746257,13116,358852338,2082,school,La Vista Center
-121.1721693,38.674348,13176,358852469,2082,school,Sutter Middle School
-121.1380901,38.6649462,29733,1251326857,2110,hospital,"Folsom Chiropractor | Tom Gibson, DC"
-121.1361951,38.6662162,37460,1719978623,2083,kindergarten,KinderCare
-121.1560808,38.6691715,46241,2279119173,2501,supermarket,SaveMart
-121.1558851,38.6724297,46449,2295128397,2501,supermarket,Trader Joe's
-121.1675262,38.6683603,46462,2295281773,2501,supermarket,Walmart Supercenter
-121.5193111,38.6220307,13503,358858102,2082,school,University of Phoenix - Sacramento Valley Campus
-121.5379819,38.6155146,43201,2066083499,2402,motel,Fairfield Inn & Suites
-121.134668,38.5524069,2511,358763144,2082,school,Carson Creek Junior Senior High School
-121.1774472,38.652682,13065,358852242,2082,school,Brighton Schools
-121.1785583,38.6499042,13135,358852393,2082,school,Natoma Station Elementary School
-121.1643289,38.6522958,13147,358852412,2082,school,Phoenix School
-121.13514,38.6442224,31115,1334645717,2110,hospital,Kaiser Permanente
-121.1567754,38.6484893,37496,1722540976,2082,school,Folsom High School
-121.164597,38.651948,37532,1724441348,2083,kindergarten,Phoenix Preschool
-121.4966217,38.4921296,2419,358761835,2082,school,John Bidwell Elementary School
-121.4926932,38.4807448,2762,358766196,2082,school,Freeport Elementary School
-121.4860658,38.4896297,2808,358766625,2082,school,Charles M Goethe Middle School
-121.488566,38.5026849,2868,358767189,2082,school,H W Harkness Elementary School
-121.4863436,38.4871298,2919,358767803,2082,school,Success Academy
-121.5338449,38.5040737,2976,358768399,2082,school,John F Kennedy High School
-121.4941217,38.4971294,3219,358771163,2082,school,John Morse Waldorf Methods Magnet School
-121.5113444,38.5004627,3366,358772954,2082,school,Pony Express Elementary School
-121.4816212,38.4768523,3468,358774103,2082,school,Saint Anne Elementary School
-121.5002328,38.4846298,3585,358775416,2082,school,John D Sloat Elementary School
-121.4841213,38.4765746,3692,358776603,2082,school,John H Still Center
-121.4796769,38.5040738,3899,358779203,2082,school,Woodbine Elementary School
-121.5230112,38.5026848,10768,358835991,2082,school,Caroline Wenzel Elementary School
-121.5163443,38.4882408,10958,358837080,2082,school,Lisbon Elementary School
-121.5424567,38.4898262,10960,358837083,2082,school,Martin Luther King Junior Elementary School
-121.5479815,38.4862342,10961,358837106,2082,school,Merryhill School - Pocket Road
-121.5369002,38.4821298,13127,358852379,2082,school,Matsuyama Elementary School
-121.5188444,38.4924073,13129,358852382,2082,school,Merryhill Preparatory School
-121.5351981,38.4866182,23946,761843487,2501,supermarket,Bel Air Supermarket
-121.5211208,38.4946211,23951,761845564,2501,supermarket,Nugget
-121.5099338,38.4965543,43580,2085502813,2501,supermarket,Bel Air
-121.536274,38.4945499,79954,4438169124,2082,school,School of Engineering and Sciences
-121.4929771,38.4595209,93619,5276283061,2501,supermarket,Walmart
-121.358841,38.7218464,13059,358852232,2082,school,Antelope Meadows Elementary School
-121.4249535,38.6093491,2367,358761219,2082,school,D W Babcook Elementary School
-121.4249535,38.6137935,2405,358761700,2082,school,Ben Ali Children's Center
-121.4616212,38.6265709,2715,358765670,2082,school,Fairbanks Elementary School
-121.4299773,38.5762053,2841,358766919,2082,school,Caleb Greenwood School
-121.433881,38.6223438,2851,358767042,2082,school,Hagginwood Elementary School
-121.4616212,38.6146267,2983,358768467,2082,school,Harmon Johnson Elementary School
-121.4505096,38.5774054,2990,358768505,2082,school,Theodore Judah Elementary School
-121.4409889,38.5611156,3022,358768778,2082,school,Kit Carson Middle School
-121.4549543,38.6193488,3249,358771629,2082,school,Noralto Elementary School
-121.4527319,38.5712945,3462,358774056,2082,school,Sacred Heart Elementary School
-121.4302313,38.5593503,3477,358774159,2082,school,Saint Francis Catholic High School
-121.4338425,38.5593503,3499,358774350,2082,school,Saint Mary School
-121.4632877,38.5735166,3710,358776892,2082,school,Sutter Middle School
-121.4525315,38.5699676,6466,358806839,2110,hospital,Mercy General Hospital
-121.438287,38.5712945,6477,358807505,2110,hospital,Sutter Memorial Hospital
-121.4557876,38.6079603,10877,358836818,2082,school,Saint Joseph Elementary School
-121.4530098,38.6196266,13108,358852318,2082,school,Grant Community Outreach Academy
-121.4524543,38.6237932,13125,358852362,2082,school,"Martin Luther King, Jr Junior High School"
-121.4266202,38.6137935,13148,358852414,2082,school,Plover Street School
-121.4552319,38.5529616,13170,358852460,2110,hospital,Shriners Hospital for Crippled Children
-121.4585654,38.5765721,15242,368167515,2014,arts_centre,Shepard Garden Art Center
-121.4298702,38.5962733,51188,2588211906,2110,hospital,Kaiser Permanente Point West
-121.4526363,38.5539253,51201,2588232404,2110,hospital,UC Davis Comprehensive Cancer Center
-121.4463701,38.6132573,94330,5309751258,2501,supermarket,La Victoria Supermercado
-121.458843,38.5037961,2369,358761236,2082,school,Fern Bacon Middle School
-121.4593985,38.5018516,2440,358762329,2082,school,Bowling Green Charter School Number 18
-121.4657875,38.4946296,2465,358762707,2082,school,Luther Burbank High School
-121.404397,38.4924078,2739,358765954,2082,school,Florin Elementary School
-121.4732876,38.4804634,2892,358767506,2082,school,Highway Patro Academy
-121.4330088,38.4890744,2959,358768219,2082,school,William Daylor High School
-121.4735655,38.4871298,3005,358768612,2082,school,Edward Kemble Elementary School
-121.4166197,38.4990742,3008,358768640,2082,school,Samuel Kennedy Elementary School
-121.4071747,38.4657418,3020,358768765,2082,school,Anna Kirchgater Elementary School
-121.4455091,38.481019,3120,358769956,2082,school,Charles E Mack Elementary School
-121.4471759,38.4896298,3326,358772446,2082,school,Parkway Elementary School
-121.4182863,38.4926855,3406,358773477,2082,school,David Reese Elementary School
-121.4155084,38.4907411,3455,358773987,2082,school,James Rutter Middle School
-121.4446758,38.4829635,3471,358774121,2082,school,Saint Charles Borromeo School
-121.3788405,38.4535201,10882,358836827,2082,school,Calvine Alternative High School
-121.3869208,38.4174669,10884,358836842,2082,school,Ellen Feickert Elementary School
-121.457453,38.3765777,10885,358836859,2082,school,Franklin Elementary School
-121.4155357,38.4195061,10886,358836864,2082,school,Harriet G Eddy Middle School
-121.3802295,38.4626865,10891,358836875,2082,school,Mary Tsukamoto Elementary School
-121.4238418,38.4701861,10930,358837004,2110,hospital,Kaiser Foundation Hospital South
-121.432731,38.4704639,10931,358837007,2082,school,Las Flores High School
-121.4163416,38.4632419,10934,358837011,2110,hospital,Methodist Hospital of Sacramento
-121.4385644,38.4665751,10936,358837014,2082,school,Prairie Elementary School
-121.432731,38.4704639,10939,358837028,2082,school,Rio Cazadero Continuation High School
-121.4407867,38.4701861,10940,358837031,2082,school,Samuel Jackman Middle School
-121.4680096,38.4721303,10941,358837032,2082,school,Susan B Anthony Elementary School
-121.4527315,38.4721304,10943,358837042,2082,school,Union House Elementary School
-121.3916188,38.4685196,10950,358837067,2082,school,Florin High School
-121.3918964,38.4624087,10956,358837078,2082,school,Isabelle Jackson Elementary School
-121.439398,38.4996296,13053,358852224,2082,school,Al-arqam Islamic School
-121.4616202,38.4268539,13056,358852228,2082,school,Alicante School Laguna
-121.4618986,38.4987962,13071,358852252,2082,school,Capital City School
-121.4721765,38.4865743,13077,358852260,2082,school,Cesar E Chavez Intermediate School
-121.4649543,38.4993517,13078,358852262,2082,school,"Childrens Home Connection, Inc"
-121.4121744,38.4157433,13091,358852289,2082,school,Elitha Donner Elementary School
-121.4543984,38.4974074,13102,358852308,2082,school,Franklin D Roosevelt School
-121.4302303,38.3929662,13103,358852309,2082,school,Franklin High School
-121.4230084,38.4632418,13110,358852323,2082,school,Herman Leimbach Elementary School
-121.4113413,38.4443536,13112,358852327,2082,school,Irene B West Elementary School
-121.4699537,38.418243,13114,358852335,2082,school,Joseph Sims Elementary School
-121.421064,38.4771303,13149,358852415,2082,school,Radiant Life Christian School
-121.4616208,38.4965741,13152,358852420,2082,school,Reach Learning Academy
-121.4243975,38.4843523,13173,358852465,2082,school,Southpointe Christian School
-121.4616201,38.4112988,13174,358852466,2082,school,Stone Lake Elementary School
-121.4382865,38.4582419,13177,358852471,2082,school,Sweet Dreams Academy
-121.4318969,38.3910218,13180,358852475,2082,school,Toby Johnson Middle School
-121.4492316,38.4755431,37335,1712260517,2501,supermarket,Raley's Supermarket
-121.4140928,38.4688152,38532,1770124128,2501,supermarket,Costco
-121.4200903,38.4098148,38821,1776777196,2501,supermarket,Nugget Market
-121.4202938,38.4065756,38833,1776990072,2501,supermarket,Trader Joe's
-121.4134226,38.4252352,38849,1777080652,2501,supermarket,Save Mart
-121.4060734,38.4234196,38850,1777087009,2501,supermarket,Sprouts Farmers Market
-121.4487606,38.4724152,43760,2103501933,2501,supermarket,S.F. Supermarket
-121.4570444,38.49457,44615,2143340383,2501,supermarket,99 Ranch
-121.3876382,38.4254082,51390,2591789125,2501,supermarket,Grocery Outlet
-121.4611203,38.4948653,51925,2617825633,2501,supermarket,Food Maxx
-121.41621,38.391338,66734,3748885536,2501,supermarket,Walmart
-121.4433206,38.4955346,73311,4099518977,2402,motel,Super 8 Sacramento/Florin Rd
-121.4216562,38.4750324,73313,4099518979,2402,motel,Americas Best Value Inn Sacramento
-121.4261722,38.4758249,73314,4099518980,2402,motel,Value Place Sacramento
-121.4216066,38.4761795,73315,4099518981,2402,motel,BEST WESTERN John Jay Inn
-121.4197875,38.474905,73316,4099518982,2402,motel,Red Roof Inn Sacramento - Elk Grove
-121.4171685,38.4757196,73317,4099518983,2402,motel,Motel 6 Sacramento South
-121.4546837,38.4947186,82677,4604633006,2501,supermarket,Walmart Neighborhood Market
-121.406778,38.4361416,86425,4785451527,2501,supermarket,Winco
-121.4251316,38.4699563,86426,4785463338,2110,hospital,Dan More Bulding
-121.4213872,38.4713255,86427,4785463339,2110,hospital,Kaiser Hospital Parking Structure
-121.4187908,38.4678563,86428,4785464346,2110,hospital,Kaiser Windham Clinic
-121.4244827,38.4690867,86429,4785473104,2110,hospital,Kaiser Pulmonary Rehab
-121.4236793,38.4694359,86430,4785477140,2110,hospital,Kaiser Ambulatory Surgery Center
-121.4454761,38.4220022,86755,4805067272,2501,supermarket,Bel Air
-121.4100882,38.4806422,94403,5311527030,2501,supermarket,Save Mart
-121.4076047,38.4805245,94406,5311527033,2501,supermarket,FoodsCo
-121.39202,38.410207,94514,5315597533,2501,supermarket,Walmart Neighborhood Market
-121.2955059,38.7215688,13183,358852481,2082,school,Valley Christian Academy
-121.4663438,38.7315684,2333,358760840,2082,school,Alpha Technology Middle School
-121.420509,38.6468482,2399,358761644,2082,school,Bell Avenue Elementary School
-121.4366207,38.6793474,2656,358764965,2082,school,Dry Creek Elementary School
-121.4768993,38.6335151,2788,358766411,2082,school,Garden Valley Elementary School
-121.4349538,38.6357374,2829,358766802,2082,school,Grant Union High School
-121.4327316,38.6540703,3127,358770047,2082,school,Main Avenue Elementary School
-121.4249536,38.6332374,3158,358770400,2082,school,Michael J Castori Elementary School
-121.5460757,38.6551127,3240,358771461,2082,school,Natomas Pacific Pathways Prep
-121.4407874,38.6976803,3295,358772113,2082,school,Orchard Elementary School
-121.451621,38.6471259,3729,358777114,2082,school,Taylor Street Elementary School
-121.4188424,38.6840696,3817,358778153,2082,school,Vineland Elementary School
-121.4668992,38.6865694,3861,358778682,2082,school,Westside Elementary and Charter Schools
-121.4532876,38.6343484,10686,358835569,2082,school,Del Paso Heights Elementary School
-121.4463431,38.6626812,10691,358835605,2082,school,Robla Elementary School
-121.4513433,38.6899027,10701,358835658,2082,school,Rio Linda Elementary School
-121.4421763,38.681014,10702,358835659,2082,school,Rio Linda Junior High School
-121.4630103,38.7118465,10705,358835686,2082,school,Elverta Elementary School
-121.4285649,38.6874028,13068,358852248,2082,school,Calvary Baptist Church School
-121.4941221,38.6332373,13087,358852274,2082,school,Discovery High School
-121.4630101,38.644626,13106,358852313,2082,school,Glenwood Elementary School
-121.4941221,38.6574034,13136,358852394,2082,school,Natomas Charter School
-121.503289,38.6607366,13138,358852397,2082,school,Natomas Park Elementary School
-121.45801,38.6524036,13141,358852401,2082,school,Norwood Junior High School
-121.5327343,38.6368484,13191,358852493,2082,school,Witter Ranch Elementary School
-121.5335526,38.6418424,26025,955382076,2501,supermarket,Bel-air
-121.5313197,38.6663665,28322,1169003758,2082,school,H. Allen Hight Elementary School
-121.5318669,38.6660482,28323,1169004192,2082,school,Natomas Middle School
-121.5171869,38.6582969,28324,1169005300,2082,school,Inderkum High School
-121.5472156,38.6552175,42516,2017544672,2082,school,Westlake Charter school
-121.5099454,38.6574654,42710,2031483845,2501,supermarket,Raley's
-121.4770436,38.6310722,43175,2062508419,2501,supermarket,FoodCo
-121.4552798,38.6827463,50826,2562275944,2501,supermarket,Food Source
-121.4574182,38.6835524,50829,2562275948,2501,supermarket,7-Eleven
-121.5046585,38.6701019,51161,2583206999,2501,supermarket,Indian Groceries
-121.5104683,38.6498924,51162,2583207782,2501,supermarket,Natraj Indian Foods
-121.4586691,38.6448411,60715,3281579647,2501,supermarket,Viva
-121.2141149,38.7010139,2513,358763162,2082,school,Casa Roble Fundamental High School
-121.2305041,38.685181,2534,358763376,2082,school,Thomas W Coleman Elementary School
-121.2160594,38.6965696,2837,358766886,2082,school,Green Oaks Fundamental Elementary School
-121.2580048,38.6604594,3257,358771750,2082,school,Northridge Elementary School
-121.230782,38.6979585,3277,358771938,2082,school,Oakview Community Elementary School
-121.215226,38.685181,3293,358772109,2082,school,Orangevale Open Elementary School
-121.2224484,38.6937919,3329,358772465,2082,school,Louis Pasteur Fundamental Middle School
-121.2202261,38.6699036,3339,358772585,2082,school,Pershing Elementary School
-121.2341154,38.6687925,3432,358773656,2082,school,Roberts Elementary School
-121.2555048,38.7051804,10735,358835875,2082,school,Woodside Elementary School
-121.2382821,38.6782367,10740,358835896,2082,school,Almondale Academy
-121.2260596,38.6837921,10746,358835929,2082,school,Family Christian Academy
-121.2543937,38.686292,10757,358835976,2082,school,Trajan Elementary School
-121.2252262,38.6568484,10759,358835979,2082,school,Victory Christian School
-121.20217,38.6676815,13064,358852241,2082,school,Bright Horizons School
-121.2197542,38.6289072,38643,1771594788,2402,motel,Confort Inn
-121.2282568,38.6794378,39314,1795171737,2501,supermarket,Save Mart
-121.2225741,38.679413,61242,3330042345,2501,supermarket,Walmart Supercenter
-121.1549461,38.4940752,2588,358764159,2082,school,Cosumnes River Elementary School
-121.1961756,38.4963229,57349,2983789628,2402,motel,Sloughhouse Inn
-121.1695904,38.4935621,57350,2983791594,2501,supermarket,Davis Ranch